first_name,last_name,title,address_1,address_2,address_3,postcode,phone_work,phone_mobile,fax,company,department,datamine_bdm,retail_watch_flag
Hasad,Morales,,862-4346 Pellentesque St.,Murray,Florida,O8B 1O7,29 658 2163-6180,83 523 8074-2628,52 900 1066-8775,Adobe,Research and Development,Eugenia,0
Gareth,Sanchez,Dr,977-5147 Sagittis Street,Hollywood,Ohio,M4Q 5K1,58 933 8273-8162,90 142 4378-0805,37 168 6588-8716,Lycos,Asset Management,Austin,1
Quinlan,Pennington,Dr,P.O. Box 195 4755 Sed Ave,Laughlin,District of Columbia,P3W 1A5,20 937 3093-6034,82 320 4348-4910,30 235 3356-1761,Sibelius,Quality Assurance,Jada,0
Shad,Mayer,,7250 Vitae Av.,Lower Burrell,Washington,I5N 6M7,96 439 3356-8700,66 473 2616-5098,54 592 4668-5810,Altavista,Media Relations,Emily,0
Aaron,Fulton,Dr,P.O. Box 420 5653 Libero Road,Hawaiian Gardens,Maine,B8B 3N1,47 798 6069-8938,31 835 8702-0201,11 553 9208-1688,Sibelius,Asset Management,Venus,1
Keegan,Reyes,Mr,6731 Tempor Street,Hickory,Indiana,N3T 9O7,59 718 2160-2399,86 312 6099-3098,47 884 3814-6363,Apple Systems,Asset Management,Aileen,0
Brian,Gilmore,Mr,5011 Morbi St.,Carrollton,Arkansas,V9P 6C8,30 578 9792-8422,66 166 3513-5374,33 942 3570-4683,Finale,Media Relations,Logan,0
Marvin,Whitehead,,P.O. Box 281 5836 Consectetuer Ave,Davis,Idaho,U7B 9S4,49 296 2789-5432,48 624 7409-6144,95 469 8617-2341,Chami,Customer Service,Melodie,0
Charles,Schultz,,595-6109 Sed St.,Geneva,Texas,P7O 1X6,80 217 7113-8830,67 317 8641-5001,76 252 1531-3025,Apple Systems,Media Relations,Ursa,1
Ulric,Horn,Mr,784-4783 A Avenue,Richland,Texas,P5L 8F9,36 185 3310-0079,59 139 3030-9105,65 484 7445-0892,Borland,Advertising,Asher,1
Devin,Fuentes,,P.O. Box 563 7375 Eget St.,Egg Harbor,Ohio,Y1X 1A3,86 391 7716-1134,59 711 9681-3073,16 419 3721-8990,Sibelius,Payroll,Uriel,1
Xander,Walton,,899-3564 Vitae Road,Medford,South Carolina,J5U 3O7,67 420 1108-2961,91 204 6981-7371,85 533 1073-1741,Adobe,Finances,Georgia,0
Eaton,Lamb,Mr,7483 Ornare St.,Kahului,Alaska,T1C 7Y1,49 164 2104-5876,22 419 4178-1618,72 664 9645-0670,Lycos,Customer Relations,Ila,0
Brock,Landry,,603-5534 Purus. Road,Milford,Texas,G5T 7X4,20 417 7006-4505,16 940 3058-8201,77 861 1651-4314,Google,Media Relations,Abel,0
Oscar,Keller,Mr,Ap #555-8022 Hendrerit St.,Newport,Alabama,O8G 9K5,57 696 8326-9287,79 120 6781-7323,24 369 8357-0312,Lycos,Human Resources,Cassandra,0
Jesse,Huff,,Ap #397-8056 Arcu St.,Mason City,Vermont,F2U 3E6,73 141 4932-2538,96 596 1246-1064,34 741 4828-9573,Altavista,Accounting,Justina,0
Forrest,Serrano,Mr,493-111 Etiam St.,Parkersburg,Florida,F4G 5J0,26 343 6282-8342,24 686 9266-4176,50 290 3537-8996,Apple Systems,Human Resources,Lucy,0
Dorian,Duran,,P.O. Box 408 5041 Primis Street,San Bernardino,Illinois,L1O 1V5,31 563 5217-5708,15 928 2639-8722,88 363 6781-1343,Lavasoft,Payroll,Deborah,1
Myles,Mcmahon,Dr,Ap #917-6907 Scelerisque Avenue,Kahului,Kentucky,J4H 3D4,57 490 7009-3350,92 760 3577-9113,54 668 1330-4014,Finale,Sales and Marketing,Meghan,0
Christian,Castillo,,P.O. Box 808 4926 Accumsan Ave,Gadsden,Illinois,J1B 4U4,70 369 1610-7819,92 699 7740-0884,88 763 5660-6677,Lycos,Media Relations,Brody,1
Upton,Velez,,Ap #284-5161 Arcu. Road,Pass Christian,Tennessee,G1Z 7L4,66 824 5398-5084,14 859 6742-6958,15 649 3184-5385,Apple Systems,Accounting,Abra,1
Prescott,Livingston,Mr,8288 Congue Avenue,Hudson,North Dakota,Y2N 5U2,63 236 4008-5084,84 495 4947-6455,60 143 7841-4814,Sibelius,Finances,Sylvester,1
Harlan,Haley,Mr,242-4613 Commodo Road,Williamsburg,Louisiana,N3P 3V7,50 196 6016-3057,42 926 4403-7223,48 525 1350-9111,Apple Systems,Public Relations,Jaquelyn,0
Brady,Mayo,Dr,Ap #303-8571 Est Street,Scottsdale,Alabama,G3B 3U0,67 848 3432-4845,44 116 7355-3586,99 870 4488-3127,Yahoo,Human Resources,Kristen,0
Samuel,Emerson,Dr,Ap #830-2175 Mauris Av.,Weymouth,Washington,K8Q 3Z1,70 508 9712-3671,97 776 4583-5039,89 280 8968-8669,Cakewalk,Payroll,Gillian,0
Orson,Evans,,3970 In Ave,City of Industry,New Mexico,V5A 4X9,31 716 3188-8010,74 243 9271-8326,93 182 4085-6175,Apple Systems,Customer Service,Lisandra,1
Gabriel,Bush,Dr,Ap #935-6011 Magna. Avenue,Indianapolis,New York,P3Z 5K1,94 563 2637-2946,11 671 2675-2378,67 408 4439-8551,Yahoo,Media Relations,Allistair,0
Stewart,Colon,Dr,P.O. Box 468 922 Morbi St.,Bowling Green,Idaho,S9B 5D5,28 815 9483-7835,17 338 4794-9176,18 224 3024-6184,Finale,Public Relations,Linda,1
Randall,Boone,Mr,Ap #784-7547 A St.,Basin,Massachusetts,U6H 2D4,27 436 8854-8126,24 165 6336-7555,28 733 8072-6512,Chami,Human Resources,Jerry,1
Ulysses,Padilla,Dr,642-6023 Pulvinar Avenue,Wheeling,Rhode Island,I4W 7P2,69 526 9842-6905,67 467 8238-0193,67 120 7149-8482,Apple Systems,Quality Assurance,Kristen,1
Phillip,Schultz,,836-6973 Duis St.,San Fernando,Indiana,A5H 8E3,95 210 2184-0337,28 120 4071-3623,25 238 1812-9237,Apple Systems,Accounting,Marshall,1
Addison,Harrison,,Ap #841-4441 Gravida Rd.,Sandy Springs,Kentucky,X2C 7O0,90 629 1665-3333,77 723 3071-3152,36 186 9932-9395,Borland,Accounting,Erasmus,0
Len,Stein,,392-4294 Consequat Road,Saginaw,Colorado,Y8E 2C4,66 310 9547-2708,61 745 2709-8737,65 970 5336-4219,Finale,Payroll,Reece,1
Hayes,Ratliff,Dr,925-2131 Et Avenue,Greenville,Oregon,H8X 7N5,97 706 9695-8743,53 302 5948-7540,43 789 6666-3522,Adobe,Quality Assurance,Emily,0
Jasper,Mcguire,,P.O. Box 373 6127 Montes Ave,Staunton,Wisconsin,P3E 9J7,38 722 6920-1517,13 471 5073-0446,76 613 8901-2604,Macromedia,Advertising,Regina,0
Damon,Davenport,Mr,298-2129 Consequat Avenue,Revere,Arkansas,A8T 1N3,79 695 3019-2924,22 931 4531-5075,84 638 3342-8629,Apple Systems,Advertising,Xanthus,1
Garrison,Vega,,7983 In Avenue,Westfield,Oklahoma,A9U 5J3,73 840 7898-8073,57 534 5024-8368,33 467 1065-0349,Apple Systems,Human Resources,Tashya,1
Vance,Stephenson,Mr,Ap #478-3136 Ut Ave,Starkville,Hawaii,D8M 8O1,46 124 8332-8297,17 904 6485-6297,94 655 9262-7550,Adobe,Media Relations,Lois,0
Marshall,Morris,Mr,314-5747 Ipsum. Avenue,Hattiesburg,New Hampshire,J5J 8P5,16 383 5613-7874,59 539 7541-1125,66 322 3941-2974,Adobe,Human Resources,Garrison,1
Ross,Ramsey,Mr,646-8496 Ac St.,Port Orford,New Jersey,E8G 9E8,21 174 5654-7825,63 853 2118-7779,60 888 1998-3449,Cakewalk,Quality Assurance,Martina,1
Ciaran,Mathews,,P.O. Box 797 2814 Iaculis Av.,Reedsport,Pennsylvania,Y2E 9Z6,84 266 5598-2554,22 859 9327-0320,54 940 7923-6785,Chami,Advertising,Kelsie,1
Akeem,Boone,Mr,Ap #580-7463 In Road,Terre Haute,Louisiana,N7D 7T3,92 992 6825-9720,84 108 7655-9674,48 211 1410-7889,Macromedia,Advertising,Olympia,1
Xenos,Norman,Dr,9655 Mauris Avenue,Walnut,Rhode Island,L9E 7D2,68 747 3473-6805,87 970 8407-2657,67 479 1565-3991,Lavasoft,Human Resources,Amir,0
Vladimir,Daniel,Dr,Ap #229-9193 Aptent Avenue,Santa Fe Springs,Oregon,V1L 2W7,22 763 6091-0060,33 553 3620-3282,32 419 5461-7227,Google,Human Resources,Robin,0
Barry,Lowery,,Ap #415-1372 Sollicitudin Ave,Morrison,Vermont,C8X 7A9,55 271 5423-2053,61 788 5290-1872,77 976 5282-4276,Lavasoft,Sales and Marketing,Casey,1
Eaton,Rush,,Ap #743-965 Aliquam Ave,Sault Ste. Marie,Texas,G5D 8N6,62 847 7753-3626,58 996 6664-5987,40 696 2155-9134,Chami,Research and Development,Jerry,1
Cain,Wallace,,P.O. Box 717 7513 Aliquet St.,La Habra Heights,Idaho,M1V 3Z1,73 587 5120-9771,60 970 1485-6891,88 489 2240-9912,Microsoft,Media Relations,Hilary,1
Darius,Mclean,Mr,Ap #223-4314 Enim. Ave,San Dimas,Mississippi,F8Y 6I7,37 529 1331-4717,40 197 7025-5457,35 463 6378-2826,Borland,Tech Support,Alyssa,1
Callum,Mueller,Dr,813-160 Erat Av.,Slidell,Minnesota,E1W 4P1,44 189 3872-8700,48 846 2260-7618,79 321 7725-6443,Google,Quality Assurance,Aidan,0
Upton,Henderson,Mr,Ap #203-3909 Nisi Av.,Reno,Connecticut,J6M 3G9,25 421 9148-6415,91 849 4531-6920,66 486 5407-5090,Google,Quality Assurance,Uriah,0
Ronan,Williamson,Mr,Ap #961-9440 Magnis Av.,Moorhead,Texas,H4I 5S9,67 316 3292-1829,80 439 9385-1844,28 998 6617-2302,Cakewalk,Media Relations,Mariam,1
Rooney,Turner,,P.O. Box 192 8324 Magna Avenue,Manchester,Montana,H3Y 3U4,75 702 8059-8156,16 715 7242-7020,41 316 1631-8114,Apple Systems,Sales and Marketing,Jana,1
Magee,Townsend,Dr,324-8970 Molestie Rd.,Tupelo,Connecticut,H1N 3K2,31 159 5953-3010,91 747 3761-8421,57 499 6001-0516,Borland,Quality Assurance,McKenzie,0
Travis,Eaton,Mr,4438 Risus. St.,Irwindale,Hawaii,T2D 4S2,33 893 4500-1874,79 518 7021-3750,86 558 8977-3133,Sibelius,Asset Management,Juliet,0
Steel,Shepard,,881-3641 Elit. Rd.,Powell,Utah,Y2B 4Y7,86 278 5505-0589,43 337 6213-1210,42 430 3020-8659,Apple Systems,Payroll,Brock,0
Xanthus,Baxter,Dr,P.O. Box 447 8993 Proin Rd.,Carolina,New York,D3P 7T6,56 958 3918-4203,35 980 2293-8909,36 792 2627-4576,Finale,Research and Development,Derek,1
Kasper,Sutton,,103-5202 Consectetuer Rd.,Seal Beach,Arkansas,J5R 5K8,76 657 6558-3869,78 644 9497-5439,90 538 2936-7923,Borland,Tech Support,Gregory,0
Quinn,Oneill,Mr,6765 A Av.,Derby,Connecticut,H8W 2F1,55 472 1816-3797,56 194 8810-9112,90 522 9766-0642,Lavasoft,Accounting,Nita,0
Aaron,Wagner,Dr,466-6011 Sem Ave,South Bend,Tennessee,C5U 4G4,89 289 2767-2392,34 111 3571-3744,32 856 7585-4020,Finale,Sales and Marketing,Lynn,0
John,Nieves,Mr,6485 Erat Avenue,Butte,New Mexico,S7O 9K3,75 556 2132-5680,25 216 2022-6673,42 476 1316-9273,Finale,Advertising,Akeem,0
Abraham,Glass,Mr,Ap #433-1856 Sapien St.,Corpus Christi,North Carolina,Y7V 8G5,21 578 2389-6806,37 958 6808-5874,65 480 5952-8657,Lavasoft,Sales and Marketing,Geraldine,1
Zachary,Beard,Mr,P.O. Box 549 3562 Bibendum Avenue,Sierra Madre,Utah,D8M 9A4,37 992 4084-4114,24 684 7375-2373,32 327 5064-2050,Lavasoft,Legal Department,Kylee,1
Brady,Morton,,Ap #396-2313 Mollis St.,Providence,New York,H2W 2X0,59 401 5142-6018,65 955 5872-5687,86 966 4504-7652,Apple Systems,Advertising,Harper,1
Acton,Mcclure,,677-2457 Laoreet Ave,Fort Wayne,Alaska,H3Q 1X2,62 512 5185-6216,88 864 2274-3036,49 631 3564-7156,Chami,Payroll,Zeph,1
Jakeem,Nichols,,445-7276 Leo St.,Cary,South Carolina,M6J 5P0,19 735 5870-7762,48 909 4465-2557,29 279 3666-2240,Sibelius,Quality Assurance,Valentine,1
Ezekiel,Yang,,P.O. Box 210 7419 Ut Avenue,Nenana,Minnesota,F9Y 2X9,90 980 8064-9532,63 843 1516-0512,50 440 4491-5821,Cakewalk,Customer Relations,Alice,0
Sean,Davenport,,Ap #457-422 At St.,St. George,Georgia,O9F 9Z3,55 555 7900-5113,45 435 9758-9905,82 585 1406-0851,Microsoft,Payroll,Mona,0
Addison,Rutledge,Mr,Ap #706-5915 Habitant St.,Newburgh,North Carolina,K1G 2O9,49 911 4989-4434,34 636 3028-6730,86 245 6357-5973,Borland,Human Resources,Inez,0
Keane,Randall,,688-402 Mattis. Road,Kettering,Colorado,P8B 7E6,13 948 8581-3249,96 759 9204-3329,23 730 7692-5773,Microsoft,Advertising,Callum,1
Alexander,Lester,,811-8222 Eu Av.,Bismarck,Wisconsin,J7A 1C4,76 395 1018-2233,88 596 8749-7270,17 212 8858-3584,Google,Human Resources,Jaime,1
Rigel,Waters,,380-5342 Donec Av.,Gilbert,Utah,F6U 3S2,48 471 9929-8666,66 635 1603-5947,62 124 5182-2814,Altavista,Accounting,Shay,1
Alden,Garrison,,3029 Nec Ave,Salem,Delaware,O3C 3Q7,57 999 4850-6481,52 557 3390-4440,75 432 8128-1676,Finale,Tech Support,Emmanuel,0
Tanek,Zimmerman,Mr,8324 Enim Rd.,Gilette,South Dakota,C6G 4Q1,27 831 8940-6530,53 174 6439-3374,99 861 9393-4728,Cakewalk,Public Relations,Vielka,0
Hamilton,Shelton,Mr,385-5394 Quisque St.,El Monte,Alabama,F7K 7H6,68 930 4047-2496,39 960 3955-9031,77 894 4847-8783,Borland,Finances,Glenna,0
Julian,Perry,Dr,628-7831 Sociis Road,Woodruff,Illinois,W2M 4C3,27 164 3598-2218,90 454 7027-3462,61 765 8464-8807,Borland,Finances,Lucas,1
Brendan,Harper,,Ap #534-4087 Tempor Rd.,Ashland,Alaska,R4H 7L9,90 783 1500-6687,14 258 7027-0007,52 492 3091-3064,Cakewalk,Payroll,Jolene,0
Trevor,Washington,Mr,P.O. Box 402 2920 Egestas. Avenue,Highland Park,Colorado,W1U 7R3,28 319 3203-5534,53 653 8862-9148,22 586 7688-5115,Apple Systems,Public Relations,Lionel,1
Ciaran,Cook,,P.O. Box 888 1297 Ultrices Av.,Agawam,Alabama,A8S 1F1,97 930 4507-6728,93 822 9039-0061,83 205 1754-8909,Microsoft,Quality Assurance,Ivan,0
Shad,Harrison,,P.O. Box 632 3008 Scelerisque Avenue,Lubbock,Kentucky,F6A 2M8,22 230 9663-4063,56 956 1095-4736,43 782 9033-0396,Microsoft,Media Relations,Lara,0
Steel,Dyer,Mr,P.O. Box 306 9202 Purus Avenue,San Clemente,West Virginia,T1V 1H4,99 553 8185-9458,72 271 3910-9656,64 699 6840-2220,Lavasoft,Tech Support,Alvin,0
Akeem,Burt,Mr,912-8127 Fermentum Street,Moore,Utah,U3T 6T9,27 627 2961-7648,84 147 4359-2000,48 618 8840-6603,Apple Systems,Human Resources,Benjamin,1
Elliott,Henry,Mr,1463 Ligula. St.,Spokane Valley,Minnesota,M8H 5Q3,64 758 3306-5375,71 485 5673-0075,99 153 6901-8349,Sibelius,Customer Service,Kyra,0
Gary,Jordan,,P.O. Box 792 3217 Tortor Street,Augusta,New Mexico,B2O 6L2,76 884 8619-6749,39 402 5755-3414,66 108 7776-1623,Chami,Advertising,Ocean,0
Linus,Bentley,Dr,522-9113 Eros Avenue,Plantation,South Carolina,W8T 4C1,38 227 1927-3009,19 529 9686-4903,88 799 1802-5128,Lavasoft,Accounting,Shaeleigh,1
Thaddeus,Olson,,P.O. Box 493 2192 Gravida Street,Cairo,Nevada,J7Q 7L2,39 764 1074-7595,33 176 2282-7831,60 813 2008-4091,Yahoo,Research and Development,Jerry,1
Laith,Nguyen,Mr,443-4321 Justo Rd.,Saginaw,Connecticut,B2Z 8I0,61 230 6100-8554,36 762 2069-1512,71 991 6139-2913,Yahoo,Asset Management,Kim,0
Todd,Snyder,Dr,848-6317 Et Rd.,Muncie,Nevada,I9E 2N5,37 249 8129-9798,69 734 2107-7070,18 354 6250-1424,Microsoft,Customer Relations,Sylvester,1
Griffin,Fleming,,Ap #375-7665 Suspendisse Rd.,Fredericksburg,Missouri,W3Z 1C4,39 783 5908-1965,37 272 7009-5524,72 586 7835-1842,Finale,Media Relations,Jana,0
Jarrod,Pope,Mr,526-2107 Odio St.,Plattsburgh,Oklahoma,A8T 8S0,23 588 6300-3538,32 124 4760-4184,15 375 4002-8669,Lavasoft,Human Resources,Jana,1
Geoffrey,Hoover,Mr,P.O. Box 806 3681 Mi. Avenue,West Hollywood,Texas,R8K 9O4,63 168 3135-9843,32 721 8047-9795,63 517 2487-2196,Yahoo,Quality Assurance,Cailin,0
Addison,Shepherd,,P.O. Box 322 5681 Turpis. Street,Waukegan,Louisiana,O9C 6O4,37 241 6799-7138,94 736 7627-9235,24 279 5409-6665,Yahoo,Quality Assurance,Kieran,1
Dominic,Campos,Dr,5351 Turpis Street,Oak Ridge,Utah,P2B 9V6,79 492 8107-2631,94 563 8684-5410,61 148 8428-6096,Microsoft,Payroll,Howard,1
Wing,Bolton,,Ap #745-2471 In Rd.,La Habra Heights,Ohio,I1F 5I4,72 995 2126-1721,86 421 9944-6659,77 402 1210-7220,Cakewalk,Human Resources,Raya,0
Alan,Spears,Mr,2299 Nascetur Street,Annapolis,Texas,R7J 9A4,72 219 9869-7478,55 992 2941-7414,25 419 1412-4011,Yahoo,Accounting,Oliver,1
Armand,Stephenson,Dr,Ap #718-8062 Et Rd.,Bradford,South Dakota,W3U 6S9,93 660 3330-2083,97 342 7108-9378,65 534 5600-7341,Altavista,Accounting,Claudia,0
Brady,Guerra,Dr,8594 Venenatis Avenue,West Memphis,Florida,G5O 2J2,80 602 3797-4695,73 259 1470-6329,88 110 9260-5974,Microsoft,Finances,Slade,1
Dexter,Fry,,332-1735 Orci St.,Delta Junction,Ohio,P7F 2U4,66 517 6604-1924,38 960 3924-6262,18 483 9480-2463,Borland,Customer Service,Carlos,0
Andrew,Knox,,P.O. Box 469 6263 Mi Rd.,Liberal,North Dakota,X2A 7T7,83 327 3570-9820,45 920 2666-3462,56 924 8670-4961,Macromedia,Research and Development,Randall,1
Clayton,Waters,Dr,464-6651 Feugiat. Avenue,Williamsport,Alaska,G8Z 8R9,50 627 7704-3815,88 478 8148-2844,74 343 8591-2693,Chami,Tech Support,Dieter,1
Sawyer,Mcbride,Mr,7134 Velit St.,Fall River,Hawaii,I4S 2O0,62 231 7496-6993,75 282 3895-1484,85 646 2675-8408,Finale,Quality Assurance,Denise,0
Burke,Brock,Dr,Ap #468-2476 Volutpat. Rd.,South Pasadena,Tennessee,D2I 5O2,48 775 8496-5207,34 510 2620-4435,66 218 5962-5465,Sibelius,Tech Support,Ralph,0
Fritz,Fisher,Dr,Ap #155-3349 Quisque Ave,Valdez,Iowa,D9A 4K8,34 426 7697-3627,98 495 8088-3825,82 921 2644-3212,Chami,Customer Relations,Imani,1
Marvin,Palmer,Mr,Ap #654-612 Lacus Avenue,College Park,Nevada,O2B 9O6,87 661 5620-1678,34 104 6647-1147,35 782 5681-7379,Google,Accounting,Barry,1
Kamal,Ball,Mr,561-7323 Sit St.,Butte,Massachusetts,Y1T 6R4,15 722 3866-6732,73 735 9831-2962,14 878 9262-5811,Adobe,Media Relations,Neville,0
Kyle,Swanson,Mr,505-6411 Dui Rd.,York,Minnesota,J4L 5M8,96 724 5568-0306,37 902 3483-9292,73 812 7700-2559,Yahoo,Accounting,Lane,1
Edan,Johnson,,P.O. Box 265 9232 Tincidunt Ave,East Rutherford,North Carolina,P7N 5J2,66 462 7351-1004,63 420 4496-1347,19 241 8154-3388,Google,Legal Department,Driscoll,0
Jerry,Carr,Dr,P.O. Box 637 3689 Non Rd.,Vicksburg,Maine,P2F 9I6,16 133 5536-1517,70 385 3482-7144,36 463 4238-6939,Borland,Payroll,Aristotle,1
Lev,Alston,,810-7242 Nullam St.,San Dimas,Texas,J1O 6H0,38 339 7846-1448,57 908 3850-6460,51 682 9653-6220,Yahoo,Media Relations,Kelly,0
Plato,Massey,Mr,168-8382 Integer Ave,New London,California,Y3P 4G7,97 110 6396-8406,13 800 3188-2692,95 622 6927-9818,Lycos,Customer Service,Moana,1
Dante,Lowery,Mr,1987 Nulla Av.,Stillwater,Maine,D2V 8B3,41 968 7014-7213,56 585 4772-1312,59 153 5731-5017,Adobe,Advertising,Brianna,0
Demetrius,Sheppard,Mr,458-4588 Quam. Street,Bandera,Pennsylvania,W6O 1I1,55 704 6108-2105,97 680 9240-9628,37 959 4154-6156,Finale,Asset Management,Noah,1
Adam,Gilliam,Dr,P.O. Box 884 8210 Ullamcorper Avenue,Eatontown,Minnesota,G2J 1H6,76 725 7162-6306,78 588 7669-1323,65 582 2493-0656,Lavasoft,Media Relations,Macon,1
Cooper,Ewing,,P.O. Box 978 3827 Mauris. Rd.,Laurel,Mississippi,R4K 9D5,74 385 3111-8760,11 535 6291-7064,59 455 1988-5006,Sibelius,Media Relations,Carl,0
Lucian,Schultz,,736-2777 Luctus Street,Palos Verdes Estates,Mississippi,O4V 4Z5,60 326 6037-6492,33 756 1297-7742,22 618 3215-8762,Microsoft,Advertising,Quon,1
Abdul,Wilkinson,Mr,6384 Tristique Ave,Orlando,Arkansas,L9U 6M1,23 607 4752-6993,99 526 3029-0425,40 281 3183-9115,Lavasoft,Finances,Amela,0
Elijah,Mcpherson,,692-3235 Ut Avenue,Weirton,Maryland,D4W 9B0,30 279 5596-7090,65 275 4493-8139,61 961 3630-6865,Cakewalk,Tech Support,Evelyn,0
Cullen,Thomas,Dr,7424 Et Road,Kahului,Montana,N2S 8M4,67 849 8454-8181,47 192 4997-4799,96 830 4188-1626,Adobe,Sales and Marketing,Amy,1
Nash,Neal,Dr,P.O. Box 535 3719 Malesuada Ave,High Point,Nebraska,N1L 9R7,31 759 7185-5902,67 194 2485-0055,20 487 7942-9137,Adobe,Accounting,Stacey,0
Burton,Neal,Mr,748-1078 Est. Rd.,Murfreesboro,Arizona,V9D 6X8,90 560 9199-9890,57 293 5640-6515,53 231 1467-4694,Cakewalk,Sales and Marketing,Gay,1
Keane,Roy,Mr,Ap #971-1075 Vitae Av.,Prescott,Oregon,D7G 3I2,84 558 9379-9065,99 107 5982-7568,39 161 9064-9586,Microsoft,Research and Development,Connor,0
Igor,Strong,,Ap #345-630 Id Av.,Aurora,Washington,O7E 9Y0,15 837 8503-1346,20 989 6006-0965,68 568 5179-9440,Google,Tech Support,Nash,0
Gareth,Owen,Mr,542-5827 Dolor St.,North Las Vegas,South Carolina,F3D 6S3,67 403 3018-9883,57 459 7953-7599,80 653 2272-5927,Lavasoft,Advertising,Nash,0
Macon,Harvey,Dr,933-250 Curabitur Rd.,Hialeah,Michigan,Y5B 3A9,63 942 3633-9046,42 538 9283-6346,84 984 5139-3667,Sibelius,Customer Relations,Ramona,0
Amal,Kane,Dr,3480 Eu Avenue,Murray,New York,J5L 5X0,99 598 7331-1795,84 146 9395-9763,31 811 8177-0513,Adobe,Asset Management,Aretha,1
Len,Hobbs,,Ap #631-9133 Cursus Av.,Milwaukee,Arkansas,X3T 7V7,85 985 2562-0686,10 568 3278-3422,79 957 7165-7813,Altavista,Finances,Cade,1
Zeus,Huber,Mr,P.O. Box 547 7461 Sed Av.,Murray,Idaho,G1V 6B5,27 270 6946-8558,14 142 2907-2504,69 164 3469-4298,Macromedia,Media Relations,Tad,0
Rajah,Rasmussen,,717-3297 Turpis. Road,Williston,New York,O7P 7L4,38 298 3731-6224,92 117 3802-5510,37 761 1539-4677,Macromedia,Customer Service,Jin,1
Adrian,Diaz,,P.O. Box 284 7753 In Road,Aliquippa,Louisiana,K9N 9Q0,65 490 9318-6636,86 111 3382-6730,79 139 6846-8390,Lycos,Customer Relations,Madeson,1
Abel,Nielsen,,9094 Rutrum Rd.,Pueblo,Illinois,V5F 6E1,89 796 6013-5194,26 589 9797-9478,19 510 3072-7329,Chami,Customer Relations,Sara,0
Walker,Reynolds,,P.O. Box 233 1738 Cursus Av.,Reading,Idaho,B8W 8N0,52 262 4022-7066,87 565 5862-0161,95 155 5771-9022,Lycos,Media Relations,Gage,0
Solomon,Matthews,Dr,119-4963 Risus Av.,Mobile,Texas,O5Z 3P5,36 511 2655-2891,48 936 4310-1717,31 196 3524-7312,Adobe,Tech Support,Quamar,1
Aaron,Zimmerman,,5980 Enim Road,Cambridge,Maine,H5Y 2W2,39 850 3443-5311,41 571 9670-0153,75 567 8553-5880,Macromedia,Asset Management,Ariana,0
Clinton,Burton,Dr,P.O. Box 400 1711 Egestas Ave,Edmond,Utah,B2J 3T0,80 200 1945-3585,72 220 4516-4994,23 883 6956-9664,Adobe,Quality Assurance,Gary,1
Chandler,Salazar,Mr,5408 Lorem Av.,Beacon,New Mexico,V9V 7X2,53 855 3036-0996,27 535 3113-7675,65 348 7763-2836,Google,Asset Management,Maryam,0
Arthur,Gilbert,,Ap #705-2677 Ac St.,Enid,Oklahoma,X1P 8P6,37 492 8360-0210,66 657 2294-9078,13 669 8337-6213,Google,Tech Support,Omar,0
Darius,Baird,,Ap #846-8754 Aliquet Ave,Gastonia,New Mexico,Q5S 6L8,54 491 8316-4867,90 257 7360-9336,90 339 7726-8090,Cakewalk,Human Resources,Blaine,1
Yardley,Cameron,Mr,Ap #913-9425 Dapibus Rd.,West Sacramento,Indiana,B9Z 7D3,22 777 9094-0100,33 529 2280-4905,80 303 4301-0920,Microsoft,Media Relations,Shellie,0
Austin,Vaughan,Mr,Ap #546-1930 Nec Street,Lansing,Georgia,C5J 5C3,45 469 8371-1652,53 666 3187-3714,45 949 4939-9136,Microsoft,Sales and Marketing,Candace,0
William,Simon,Mr,P.O. Box 106 9157 Turpis Ave,Johnson City,Missouri,C6J 1C8,49 872 8340-0659,52 469 5689-1792,33 331 7304-5880,Microsoft,Research and Development,Rinah,0
Cody,Summers,Mr,8457 Diam Road,Cambridge,California,W3J 6Z6,49 241 1713-0511,80 286 6747-7156,59 346 6370-5877,Adobe,Legal Department,Kasper,0
Rafael,Dorsey,Dr,Ap #682-2653 Proin Avenue,Oakland,New Hampshire,G7Y 7J0,74 110 7001-0558,80 539 9926-5408,29 550 3013-1931,Microsoft,Quality Assurance,Hayes,1
Kato,Landry,Mr,674-705 Nec Street,Eden Prairie,Massachusetts,F8L 6H8,79 432 8144-3809,47 950 4216-6978,71 490 2934-1266,Sibelius,Media Relations,Flavia,0
Tad,Winters,,Ap #516-3973 Montes Avenue,Moultrie,Wyoming,T5T 2C3,43 105 9861-1059,97 856 6901-9907,57 850 3812-4010,Altavista,Human Resources,Fredericka,1
Plato,Hines,Mr,662-4293 Gravida Avenue,International Falls,Hawaii,V6Z 4Q8,61 561 2000-6403,82 431 7051-2120,72 430 1457-6777,Cakewalk,Asset Management,Amery,0
Julian,Reilly,Dr,Ap #895-7773 Laoreet Ave,Sioux City,Idaho,P8V 2U1,84 793 4086-8863,65 352 9407-6052,83 565 4032-4723,Microsoft,Tech Support,Zephania,1
Adrian,Flowers,,Ap #349-2540 Tempus Rd.,Fremont,New Mexico,J1L 7Z3,57 762 6178-8788,12 948 6708-3287,32 526 9945-2079,Cakewalk,Tech Support,Rhoda,0
Quinlan,Peterson,Mr,215 Iaculis Av.,Rye,Georgia,F1L 1H5,73 978 5431-5497,26 750 6303-5197,23 849 6883-6389,Google,Advertising,Giselle,0
Demetrius,Fulton,Dr,2678 Pellentesque St.,Bloomington,New York,C8F 8U4,55 850 7514-3585,81 258 3213-9440,36 801 4590-6757,Adobe,Tech Support,Burton,0
Ryan,Stokes,Dr,447-7124 Aliquam Rd.,Beaumont,California,C8K 1L2,93 872 5080-2941,89 904 3413-5835,77 610 6583-7336,Macromedia,Quality Assurance,Kalia,1
Ryan,Bryant,Mr,P.O. Box 127 5901 Metus. Av.,Taunton,Massachusetts,G2Z 5K5,54 996 4036-5833,93 861 1679-0573,77 813 4523-1645,Sibelius,Finances,Amy,1
Abdul,Mccray,,407-8558 Vestibulum Avenue,Moreno Valley,Kansas,Z9F 7J2,75 168 2975-4744,47 536 8654-9539,45 678 4380-1098,Finale,Asset Management,Evan,0
Theodore,Cobb,Mr,P.O. Box 803 6346 Mauris Av.,Newburgh,Arkansas,A2M 9T4,87 945 2373-3062,23 501 7883-8929,26 891 7601-2259,Apple Systems,Accounting,Keane,0
Calvin,Lambert,,P.O. Box 775 4188 Etiam Av.,Oneonta,Wyoming,B7T 9H7,89 445 2979-5297,85 733 8074-0951,72 199 8933-4521,Cakewalk,Sales and Marketing,Dane,0
Hamilton,Holcomb,Mr,1975 Vestibulum Street,Eugene,Illinois,M5V 2G9,41 880 7285-1974,41 460 6529-8053,53 573 8816-9897,Microsoft,Finances,Vance,1
Nasim,Peck,,691-7571 Molestie Road,Galveston,Montana,Z8K 3P4,98 919 7197-8855,68 403 8701-2202,14 668 6577-5494,Macromedia,Research and Development,Alec,0
Carson,Knight,Dr,884-7967 Mollis St.,City of Industry,West Virginia,U7L 8A1,33 222 2778-0802,34 226 6047-0148,99 790 9221-5493,Microsoft,Public Relations,Unity,1
Ethan,Flowers,Mr,110-4631 Donec Rd.,Santa Barbara,Pennsylvania,O9J 4C5,11 642 7750-1585,80 825 3200-0076,91 106 2226-5030,Borland,Advertising,Keiko,0
Rajah,Miller,Mr,660-1769 Primis St.,Chattanooga,Iowa,H4J 3B3,96 464 2542-9937,64 186 4485-7570,91 404 3689-1045,Adobe,Human Resources,Victoria,1
Fritz,Knight,Dr,P.O. Box 279 6225 Libero Rd.,Gardner,District of Columbia,P9F 8C2,11 453 1416-3017,60 565 6829-9595,51 463 4879-1842,Lavasoft,Research and Development,Daryl,1
Blaze,Kirby,,731-6607 Sem. Avenue,Milford,Georgia,N6W 8S4,73 206 2770-4085,50 439 9064-2677,26 680 4214-8326,Microsoft,Research and Development,Myles,1
Cody,Gentry,Dr,1750 Eget Ave,Austin,Montana,Z2H 9Z8,65 597 1329-8257,59 239 8209-8727,95 793 4583-2964,Cakewalk,Quality Assurance,Quintessa,0
Lars,Eaton,Mr,409-1078 Nunc Ave,St. George,Wisconsin,X8M 6X0,20 240 6069-0436,65 772 2039-0719,66 647 7581-5412,Macromedia,Customer Relations,Alec,1
Kadeem,Diaz,,Ap #212-2315 Et Av.,Chicago,Colorado,D9O 2V4,22 171 3064-4699,90 778 3804-9931,99 473 6043-2738,Altavista,Public Relations,Carson,0
Timon,Benton,,Ap #182-4843 Vel Street,Albany,Iowa,K6C 5S6,77 226 1454-9648,76 539 1440-7981,69 626 4086-6901,Borland,Legal Department,Gretchen,1
Cadman,Lynn,Mr,746 Neque St.,Lewiston,Illinois,R6V 2W6,53 174 7794-5083,23 537 5280-5991,58 334 7755-1221,Altavista,Advertising,George,0
Griffin,Hull,Mr,973-5706 Ullamcorper. Rd.,Bell Gardens,North Carolina,O8M 9K6,64 749 2111-2446,95 951 3573-1067,91 738 3858-7699,Cakewalk,Customer Service,Orlando,0
Anthony,Morgan,Mr,P.O. Box 401 2696 Magna. Road,Vineland,Florida,O1O 1X6,46 137 2678-8418,12 216 3491-6221,37 324 6840-6673,Microsoft,Payroll,Sonya,1
Roth,Compton,Mr,7986 Eu Av.,Rock Island,Kentucky,E2Z 2D8,53 948 4096-0047,96 826 7044-4185,38 746 2766-5975,Yahoo,Payroll,Yeo,0
Byron,Kirby,Dr,632-7937 Amet St.,New Rochelle,Kentucky,E9D 4V4,20 676 4408-9020,52 962 3208-5257,26 291 3970-6157,Lycos,Customer Relations,Nolan,1
Harlan,Hicks,Dr,492-2420 Praesent Av.,Spartanburg,Kentucky,M7F 2S3,68 228 1196-0634,10 328 7605-0015,73 736 3275-1860,Lycos,Research and Development,Byron,0
Jerry,Cummings,Mr,829-4796 Arcu. Ave,Rome,Virginia,S8R 5N5,89 797 6272-1976,26 803 2989-8985,75 120 9278-9417,Sibelius,Legal Department,Madeline,1
Carl,Hall,Mr,867-9322 Lobortis Ave,College Station,Pennsylvania,O8B 2G8,43 257 5746-8019,44 442 8319-0616,52 870 2117-8643,Lavasoft,Research and Development,Callum,1
Jakeem,Hyde,Dr,P.O. Box 650 2769 Ultrices Road,Portsmouth,Utah,L6R 2N2,49 150 9839-8463,95 279 2328-2507,37 870 3617-7160,Adobe,Research and Development,Kimberley,0
Benedict,Moody,,726-3415 Sit St.,Fargo,Wisconsin,P1J 5F4,25 356 1241-7928,64 484 7480-4430,57 671 7242-9543,Chami,Public Relations,Nayda,0
Nehru,Ayers,Dr,2430 Parturient Avenue,Frankfort,Florida,G2Y 3V1,75 998 4381-1185,88 572 4547-7499,59 330 1990-7346,Yahoo,Customer Relations,Vielka,0
Dominic,Mcbride,Dr,P.O. Box 932 3347 Ac St.,Rancho Santa Margarita,Hawaii,B8T 6E5,20 303 2859-7400,17 937 1207-5965,73 389 4924-3338,Google,Public Relations,Sade,0
Jason,Nieves,Dr,Ap #378-1368 Duis St.,Santa Clara,Alaska,A9T 6W2,74 100 7756-9394,16 196 8375-3743,72 964 6145-1236,Adobe,Advertising,David,0
Hu,Torres,,Ap #940-3714 Id Avenue,Monongahela,West Virginia,G4O 9A3,94 484 9358-3708,71 750 4539-4827,27 621 5643-0365,Chami,Media Relations,Shay,1
Mannix,Howard,,Ap #912-8968 Eu Rd.,Fairfield,Nevada,T2E 4X2,88 299 1575-5642,15 989 6789-3211,53 635 4173-1899,Borland,Finances,Nomlanga,1
Barclay,Morton,,824-3555 Amet Avenue,Winnemucca,Iowa,P9M 3N8,14 548 7237-3054,76 196 4793-0766,70 919 1644-5179,Adobe,Research and Development,Kasimir,1
Elijah,Higgins,,1720 Elit Av.,Victoria,New Mexico,P3J 9U7,89 980 2712-0775,11 155 8578-1547,88 765 5543-5607,Lycos,Payroll,Garrett,0
Chaim,Bruce,,P.O. Box 375 8104 Bibendum St.,Sierra Madre,Mississippi,E3X 1Y7,64 596 7645-8799,83 353 4812-3364,66 553 2080-7671,Yahoo,Quality Assurance,Keefe,1
Isaiah,Patton,Mr,Ap #525-4538 Bibendum Avenue,Klamath Falls,South Dakota,Z4F 5X4,59 296 4644-3908,78 938 5829-6666,18 293 6955-6820,Adobe,Public Relations,Justin,0
Nash,Mayo,,3652 Phasellus Av.,Branson,Kansas,H3M 2W4,89 432 4112-4576,33 169 9430-8721,17 391 2954-1952,Adobe,Media Relations,Demetrius,0
Kato,Lowery,Dr,P.O. Box 590 7162 Sem Rd.,San Rafael,Iowa,O4D 6P0,88 720 5819-8434,98 933 1908-2937,34 495 2724-8720,Macromedia,Human Resources,Zephr,1
Zeph,Arnold,,8668 Convallis Rd.,Hermosa Beach,Maryland,C4S 7G8,69 300 6927-0978,97 512 9903-3794,16 234 7277-2365,Adobe,Payroll,Ian,1
Lucian,Weber,,9202 Auctor Road,West Haven,Alaska,B1N 5X0,81 786 6277-5710,40 675 1740-7978,12 393 2190-7535,Lavasoft,Customer Service,Holmes,0
Keefe,West,Mr,P.O. Box 965 6996 Torquent St.,Rochester,Massachusetts,P3X 5W2,34 729 6565-7093,97 728 9257-6302,79 751 9992-9675,Cakewalk,Accounting,Taylor,0
Hasad,Jarvis,Dr,6472 Et Rd.,High Point,Michigan,B5M 4D2,80 615 6705-2744,28 819 4957-4084,53 875 6717-2753,Finale,Sales and Marketing,Gareth,1
Zeus,Murray,,P.O. Box 967 4039 Congue Av.,Fairbanks,Kentucky,S9Y 5A0,76 570 5317-8478,19 788 8721-1088,98 308 9637-7818,Chami,Human Resources,Raphael,0
Callum,Moody,Mr,3567 Cras St.,Joplin,Montana,W6T 4U1,78 491 7948-3555,72 581 6850-3152,73 654 3382-4619,Finale,Finances,Clarke,0
Jacob,Case,Dr,P.O. Box 755 8740 Amet Rd.,Norwalk,North Dakota,K3C 5K9,72 166 6731-0515,77 623 7013-6510,82 621 3429-0864,Lycos,Human Resources,Miranda,1
Connor,Brennan,,707-7783 Pede. Av.,Fernley,New Jersey,N5W 2M9,83 314 8795-3625,78 586 9442-0516,19 759 6827-2042,Lycos,Asset Management,Armando,0
Damian,Gardner,Mr,963-6946 Luctus Avenue,Gardena,Mississippi,M1E 6M3,39 478 5767-5717,12 831 3285-7972,18 852 2468-3150,Lycos,Payroll,Malachi,0
Tate,Moore,Mr,2353 Nulla St.,Evanston,New Mexico,P8A 2C3,45 659 5838-8649,50 954 9471-0196,99 802 2697-5459,Lycos,Tech Support,Gretchen,1
Basil,Evans,,9372 Elementum Ave,Mechanicville,Hawaii,K7W 8V0,16 222 3701-0548,67 816 6151-3197,88 568 6309-5366,Apple Systems,Customer Service,Evan,0
Simon,Vasquez,Dr,P.O. Box 864 3410 A Rd.,Lawton,South Carolina,W5P 3M7,42 717 5444-6765,72 179 2626-4812,47 594 9210-9743,Sibelius,Customer Service,Kimberly,1
Thomas,Wall,Mr,9319 Eget Av.,Simi Valley,Nebraska,N7Z 2J0,12 657 1606-8427,41 842 6114-7722,52 583 5190-8968,Sibelius,Public Relations,Emma,1
Thaddeus,Cherry,Mr,Ap #291-1192 Donec St.,Rancho Santa Margarita,Kentucky,Q7M 7U7,93 377 1928-1540,77 429 1408-7324,17 184 1278-9871,Chami,Legal Department,Harriet,0
Victor,Mccall,Dr,Ap #742-9176 Eu St.,Bridgeport,Kentucky,J6X 2V4,41 763 4078-2112,70 190 7798-0744,43 618 9356-6963,Chami,Payroll,Dexter,0
